,Company Name,Ticker,Market,Price,Shares,Offer Amount,Date Priced,Name,EPS:2015:Q1,EPS:2015:Q2,EPS:2015:Q3,EPS:2015:Q4,EPS:2016:Q1,EPS:2016:Q2,EPS:2016:Q3,EPS:2016:Q4,EPS:2017:Q1,EPS:2017:Q2,EPS:2017:Q3,EPS:2017:Q4,EPS:2018:Q1,EPS:2018:Q2,EPS:2018:Q3,EPS:2018:Q4,P/E:2015:Q1,P/E:2015:Q2,P/E:2015:Q3,P/E:2015:Q4,P/E:2016:Q1,P/E:2016:Q2,P/E:2016:Q3,P/E:2016:Q4,P/E:2017:Q1,P/E:2017:Q2,P/E:2017:Q3,P/E:2017:Q4,P/E:2018:Q1,P/E:2018:Q2,P/E:2018:Q3,P/E:2018:Q4,ROIC:2015:Q1,ROIC:2015:Q2,ROIC:2015:Q3,ROIC:2015:Q4,ROIC:2016:Q1,ROIC:2016:Q2,ROIC:2016:Q3,ROIC:2016:Q4,ROIC:2017:Q1,ROIC:2017:Q2,ROIC:2017:Q3,ROIC:2017:Q4,ROIC:2018:Q1,ROIC:2018:Q2,ROIC:2018:Q3,ROIC:2018:Q4,ROE:2015:Q1,ROE:2015:Q2,ROE:2015:Q3,ROE:2015:Q4,ROE:2016:Q1,ROE:2016:Q2,ROE:2016:Q3,ROE:2016:Q4,ROE:2017:Q1,ROE:2017:Q2,ROE:2017:Q3,ROE:2017:Q4,ROE:2018:Q1,ROE:2018:Q2,ROE:2018:Q3,ROE:2018:Q4
0,AVINGER INC,AVGR,NASDAQ,13.0,5000000,65000000,01/30/15,AVINGER INC,-49.7647,-33.2,-43.2,-42.8,-51.2,-42.4,-29.2,-23.2,-25.6,-21.6,-17.2,-12.58,-7.99,-0.98,-0.56,-0.31, , , , , , , , , , , , , , , , , , ,-103.9197,-138.1102,-93.6379,-109.231,-97.3221,-115.9795,-159.8386,-190.2269,-139.0089,-163.3395,-141.5784,-168.6454,-182.4309,-175.8699, , , , ,-239.1146, ,-290.1754,7.3669,9.1852,10.6225,10.8717,10.7146, , , , 
1,"INFRAREIT, INC.",HIFR,New York Stock Exchange,23.0,20000000,460000000,01/30/15,INFRAREIT INC,-0.65,0.15,0.32,0.45,0.14,0.15,0.3895,0.46,0.18,0.17,0.35,-0.42,0.29,0.39,0.32,0.39, , , ,68.5185,16.0849,16.5472,16.0607,15.7179,15.2612,15.9655,19.2845,12.0048,11.721,11.8069,11.4466,15.1223, , , ,2.8099,5.694,5.7628,6.03,5.9689,6.091,6.1412,5.9487,3.0502,3.4233,4.056,3.9328,6.6199, , , ,2.3723,6.9283,7.0049,7.3899,-260.1741,-174.9507,-284.9046,-489.5992,-332.8046,2.5561,4.0362,3.8563,9.2475
2,"SPARK THERAPEUTICS, INC.",ONCE,NASDAQ,23.0,7000000,161000000,01/30/15,SPARK THERAPEUTICS INC,,,,,,,,,-1.7,-2.4,-1.9,-1.6722,-1.25,2.15,-1.26,-1.7324, , , , , , , , , , , , , , , , , , ,-39.3556,-27.3327,-25.5015,-26.3157,-33.9273,-40.1027,-53.2154,-64.2181,-49.384,-60.5041,-65.2601,-52.0012,-33.5709,-36.4673, , ,-40.3489, ,-25.3858,-26.1566,-33.7324, , , , , ,-64.3676,-22.9193,-13.4584,-15.6062
3,SHAKE SHACK INC.,SHAK,New York Stock Exchange,21.0,5000000,105000000,01/30/15,SHAKE SHACK INC - CLASS A,,,,,,,,,0.09,0.19,0.19,-0.4738,0.13,0.27,0.17,-0.03, , , , ,102.3026,89.8818,76.9009,80.5816,69.6027,65.8576,58.0829,94.9324,75.7882,111.1039,92.4629,67.7718, , ,-1.1868,3.3421,12.71,12.8567,11.7967,13.3216,11.2167,11.4786,11.4469,10.752,9.1557,10.3819,9.4866,10.1077, , ,-13.6945,-15.5032,4.7901,6.2534,7.137, ,-73.479,-38.1495,-37.4774, ,0.5369,1.9549,1.8325,7.6746
4,"TRACON PHARMACEUTICALS, INC.",TCON,NASDAQ,10.0,3600000,36000000,01/30/15,TRACON PHARMACEUTICALS INC,,,,,,,,,-0.44,-0.4,0.07,-0.37,-0.46,-0.33,-0.3,-0.26, , , , , , , , , , , , , , , , , , , , ,-57.7584,-78.4197,-83.9229,-69.6576,-83.7299,-97.6258,-65.804,-61.2498,-49.6021,-67.9261,-104.5463,-133.0366, , , , ,-72.3384,-99.6178,-107.8819, , , , , ,-62.0676,-86.6606,-134.0546,-181.9511
5,PRESBIA PLC,LENS,NASDAQ,10.0,4166667,41666670,01/29/15,PRESBIA PLC,,,,,,,,,-0.32,-0.27,-0.28,-0.1829,-0.12,-0.13,-0.13, , , , , , , , , , , , , , , , , , , , , ,-65.805,-71.1122,-83.5029,-100.5185,-96.1986,-126.7618, , , , , , , , , , ,-65.8199,-71.1151,-83.4496, , , , , , , , , 
6,"FLEX PHARMA, INC.",FLKS,NASDAQ,16.0,5400000,86400000,01/29/15,FLEX PHARMA INC,-0.59,-0.47,-0.53,-0.51,-0.61,-0.71,-0.65,-0.48,-0.49,-0.51,-0.54,-0.46,-0.46,-0.5,-0.15,-0.11, , , , , , , , , , , , , , , , , , , , ,-33.791,-41.415,-48.4052,-52.4285,-56.3177,-60.0507,-67.5235,-78.3134,-93.2782,-120.2035,-118.9287,-114.7939, , , , ,-33.6848,-41.2358,-48.1454,-50.4231,-41.6226,-37.8515,-43.9741,-46.3358,-92.7988,-119.6111,-118.3208,-114.2133
7,ASCENDIS PHARMA A/S,ASND,NASDAQ,18.0,6000000,108000000,01/28/15,ASCENDIS PHARMA A/S - ADR,0.0789,-0.6973,-0.3336,-0.5218,-0.9048,-0.5987,-0.8037,-0.5764,-0.8308,-1.035,-1.2219,-1.0888,-1.315,-0.6557,-0.9419, , , , , , , , , , , , , , , , , , , ,-48.1674,-51.954,-41.4421,-47.032,-62.1954,-48.294,-60.1041,-81.5704,-74.1545,-62.5565,-50.3174,-61.3727,-57.7617, , , ,-37.1964,-41.6238,-43.697,-46.8657,-62.1511,10.5417,10.3009,9.157,10.312,11.1439,-55.8032,-57.6438,-52.2535, 
8,ZOSANO PHARMA CORP,ZSAN,NASDAQ,11.0,4500000,49500000,01/27/15,ZOSANO PHARMA CORP,,,,,,,,,-6.8,-3.4,-4,-3.8,-4.16,-0.75,-0.68,-0.85, , , , , , , , , , , , , , , , , , , , ,-62.476,-70.4249,-76.7568, , , , , ,-136.4134,-90.0219,-127.8391,-217.88, , , , ,-93.6281,-112.6175,-129.5297, , , , , , ,-111.6667,-153.0433,-274.5399
9,BOX INC,BOX,New York Stock Exchange,14.0,12500000,175000000,01/23/15,BOX INC - CLASS A, , , ,-2.64,-0.4,-0.42,-0.45,-0.41,-0.31,-0.3,-0.3,-0.28,-0.3,-0.3,-0.32,-0.24, , , , , , , , , , , , , , , , , , , ,-81.0968, , , ,-79.1684,-84.2969,-88.2992,-86.6191,-86.4583,-94.8743,-105.9827,-117.4508,-120.8687, , , , , , , ,3.4382,5.9312,-0.0408,4.8415,3.0568,-168.9988,-216.466,-276.4026,-345.5072
10,"COUNTY BANCORP, INC.",ICBK,NASDAQ,15.75,1180000,18585000,01/16/15,COUNTY BANCORP INC,0.44,0.36,0.56,0.48,0.36,0.31,0.46,0.51,0.39,0.3,0.53,0.31,0.59,0.56,0.51,0.41, , , ,10.7143,11.5402,10.7599,10.9028,14.5326,15.4097,14.6391,17.7757,18.4079,16.0786,13.2422,12.204,8.5567, , , , ,5.5706,4.9322,5.1281,5.6349,5.6819,5.3166,4.9629,4.5393,4.7434,4.6552,4.9749,5.8517, , , , ,10.6509,9.5355,9.0789,-5.6403,-5.9823,-7.4621,-12.2893,-9.5359,8.7992,9.9543,9.6822,9.9816
11,INDOOR HARVEST CORP,INQD,OTCBB,0.5,2467003,1233502,02/27/15,INDOOR HARVEST CORP, ,-0.03, , , , , , , , , , , , , , , , , , , , , , , , , , , , , , , , , , , , , , , , , , , , , , , , , , , , , ,-222.7759,-181.8652,-299.1642,-897.0209,-315.3885, , , , 
12,EYEGATE PHARMACEUTICALS INC,EYEG,OTCBB,6.0,683250,4099500,02/13/15,EYEGATE PHARMACEUTICALS,-3.23,-0.24,-0.19,-0.3487,-0.3113,-0.46,-0.36,-0.3759,-0.28,-0.28,-0.24,-0.1635,-0.14,-0.07,-0.07,-0.0574, , , , , , , , , , , , , , , , , , ,-120.0816,-256.4437,-182.2637,-279.1381,-206.7591,-463.6044,-500.7694,-241.4416,-717.8779, ,-613.647,-134.0659,-189.6683,-260.2783, , , , ,-182.4593,-279.3624,-206.8748,-39.6607,-45.0759,-52.1227,-41.9102,-51.8264, ,-133.915,-188.7086, 
13,GREAT AJAX CORP.,AJX,New York Stock Exchange,14.25,5000000,71250000,02/13/15,GREAT AJAX CORP,0.28,0.36,0.5,0.53,0.5,0.42,0.42,0.33,0.46,0.38,0.41,0.34,0.41,0.4,0.35,0.35, , , ,7.3285,5.9717,7.0761,7.2841,8.0642,8.1281,9.1625,9.4525,8.9885,9.2966,8.9223,9.4181,8.3149, , , , ,6.225,5.0875,4.514,3.7015,3.7556,3.1956,3.0148,2.5737,2.5937,2.474,2.3237,2.1521, , , , ,12.8515,12.3227,11.6555,-83.9622,-96.5779,-39.2637,-43.0457,-42.9428,9.6724,9.7299,9.3383,9.5293
14,"BELLEROPHON THERAPEUTICS, INC.",BLPH,NASDAQ,12.0,5000000,60000000,02/13/15,BELLEROPHON THERAPEUTICS INC,-1.27,-0.9,-0.86,-0.83,-0.54,-0.39,-0.3,-0.37,-0.6,-0.12,-0.22, ,0.07,-0.2,0.19,-0.0158, , , , , , , , , , , , , , , ,18.1238, , ,-128.177,-174.6846,-94.3074,-96.0616,-93.2749,-97.22,-212.3386,-275.5151,-172.3926, , , , , , , ,-128.0205,-174.4186,-94.1266,-95.8519,-93.0305,6.494,5.2737,7.6823,7.5061,8.3175, , , , 
15,INVITAE CORP,NVTA,New York Stock Exchange,16.0,6350000,101600000,02/12/15,INVITAE CORP,-1.09,-0.76,-0.71,-0.76,-0.8,-0.77,-0.77,-0.69,-0.64,-0.66,-0.57,-0.78,-0.66,-0.47,-0.45,-0.4, , , , , , , , , , , , , , , , , , ,-68.4047,-66.1516,-57.4379,-66.3296,-78.0325,-76.6909,-80.6158,-96.2223,-83.1404,-86.588,-90.5146,-85.5942,-66.8674,-59.9986, , , , ,-60.296,-70.6937,-86.0273, , , , , ,-143.8974,-131.8549,-91.8714,-91.2129
16,"INOVALON HOLDINGS, INC.",INOV,NASDAQ,27.0,22222222,599999994,02/12/15,INOVALON HOLDINGS INC - A,0.1,0.18,0.07,0.11,0.02,0.11,0.05,0,0.02,0.04,0.06,0.12,-0.12,-0.07,-0.01,-0.07, , ,45.456,36.7362,46.9782,52.3547,42.3149,43.7065,53.6798,79.696,126.5015,102.3234,222.8014,230.3746,1592.9624, , , ,10.18,9.9017,5.529,4.387,4.1603,2.6252,2.8658,1.8007,1.9501,3.8512,1.8112,0.9887,1.2883,0.0867, , , , ,7.8188,6.1901,5.8549,-474.5489, , , , ,2.1428,-0.282,-1.583,-5.8251
17,"EASTERLY GOVERNMENT PROPERTIES, INC.",DEA,New York Stock Exchange,15.0,12000000,180000000,02/06/15,EASTERLY GOVERNMENT PROPERTI,-0.22,0.02,0.02,0,0.03,0.02,0.02,0.04,0.03,0.03,0.02,0.03,0.03,0.02,0.03,0.01, , , ,81.9363,264.5714,281.8571,272.5714,200.2,197.9,209.5,206.7,200.8943,192.0452,186.0202,166.6595,174.2222, , , ,0.3482,1.1449,1.1758,1.2881,1.4172,1.4719,1.4525,1.7047,1.9311,2.1894,2.0604,1.9442,1.8718, , , ,-0.5023,0.4903,0.4291,0.5175,-20.052, , , , ,0.7796,0.6999,0.8178,0.7304
18,"JERNIGAN CAPITAL, INC.",JCAP,New York Stock Exchange,20.0,5000000,100000000,03/27/15,JERNIGAN CAPITAL INC, ,-0.1,-0.24,-0.15,0.18,0.89,0.84,0.53,0.14,0.5,0.29,0.19,0.12,0.4,0.58,0.87, , , , , ,18.9642,10.7793,8.5951,9.5685,10.9453,14.0753,16.9732,16.4545,19.06,15.0703,19.7908, , , ,-7.0856,-12.1872,-4.9641,-3.128,-1.3245,0.8607,1.1914,1.7643,1.7857,1.7895,1.7728,2.5049,2.8573, , , ,-5.8104, ,4.1184,10.1305, , , , ,-1055.9545,6.5135,4.854,7.0833,11.1958
19,FRANKLIN FINANCIAL NETWORK INC.,FSB,New York Stock Exchange,21.0,2640000,55440000,03/26/15,FRANKLIN FINANCIAL NETWORK,0.39,0.3,0.49,0.44,0.59,0.7,0.67,0.61,0.61,0.68,0.67,0.18,0.76,0.71,0.73,0.26,14.7658,17.7105,15.353,20.6447,15.643,14.8907,16.4323,17.1095,15.8163,16.9753,14.551,14.1121,12.7028,14.4263,14.7194,11.1737,6.8178,6.918,7.5964,7.9836,8.372,9.2701,8.0458,7.444,7.1978,6.779,5.958,5.3006,4.8163,4.667,4.5805,4.9439,8.7233,9.5261,9.9632,10.9974,10.5884,12.6466,13.1666,-56.8602,-66.9376,-39.2743,-29.1034,-23.068,10.3575,9.8275,10.0523,10.1891
20,SOLAREDGE TECHNOLOGIES INC,SEDG,NASDAQ,18.0,7000000,126000000,03/26/15,SOLAREDGE TECHNOLOGIES INC,,,,,,,,,0.34,0.54,0.66,0.45,0.81,0.76,1,0.28, , , , , ,18.1165,11.378,7.9614,11.0833,13.1598,17.026,17.1022,20.1035,17.1066,12.9938,13.6408, , , ,30.8822, ,49.8295,32.5076,28.2215,23.7796,21.7803,22.9487,22.1026,26.278,28.3045,30.1662,26.774, , , , , , ,32.5505, , , , , ,28.2784,28.7106,29.8099,26.8437
21,TANTECH HOLDINGS LTD,TANH,NASDAQ,4.0,3200000,12800000,03/24/15,TANTECH HOLDINGS LTD,,,,,,,,, , , , , , , , , , , , , , , , , , , , , , , , , , , , , , , , , , , , , , , , , , , , , , , , , , , , , , , , 
22,"SUMMIT MATERIALS, INC.",SUM,New York Stock Exchange,18.0,22222222,399999996,03/12/15,SUMMIT MATERIALS INC -CL A,,,,,,,,,-0.4931,0.4635,0.7298,0.39,-0.49,0.32,0.64,-0.17, , , ,8.325,9.6728,17.1739,16.959,38.5133,48.309,36.0304, , , , ,27.5007,451.2271, , , , , , , ,5.795,5.3095,6.3534,18.402,18.049,16.5331,14.797,3.6452,2.7455, , , , ,3.1713,5.3653,8.773, , , , , ,10.4739,8.7779,7.5462,2.622
23,BLUEPRINT MEDICINES CORP,BPMC,NASDAQ,18.0,8145834,146625012,04/30/15,BLUEPRINT MEDICINES CORP,-8.23,-0.81,-0.47,-0.58,-0.57,-0.7,-0.62,-0.75,-0.84,-0.86,-0.96,-1.23,-1.29,-0.62,-1.66,-1.83, , , , , , , , , , , , , , , , , , , ,-52.1065,-62.7342,-41.6027,-49.0133,-38.6119,-50.9761,-39.8646,-53.0173,-34.8245,-46.0941,-36.9011,-49.4296,-45.5341, , , , , ,-44.384,-52.2232,4.2567,4.0749,-0.978,-0.7957,-0.072,-46.5531,-36.7472,-49.4493,-45.3781
24,"ENVIVA PARTNERS, LP",EVA,New York Stock Exchange,20.0,10000000,200000000,04/29/15,ENVIVA PARTNERS LP, ,0.24,0.27,0.29,0.3,0.48,0.51,-0.3201,0.0964,0.1468,0.2409,0.2973,-0.734,0.1342,0.5044,0.3545, , , , ,16.7493,16.2139,16.1,19.0139,22.0779,27.482,41.0222,28.3136,296.1554,1118.1556,121.4348,70.9971, ,5.3155,5.5401,6.5271,9.5288,8.8505,9.2131,6.0518,6.2906,5.4145,5.2317,6.7287,4.1517,4.116,5.7584,5.8192, ,3.444,2.8959,6.1674,8.9844,9.8034,11.6712,-33.3204,-31.8093,-30.7484,-27.4512,-25.2967,-0.5547,-0.7246,2.475,3.8938
25,"VIKING THERAPEUTICS, INC.",VKTX,NASDAQ,8.0,3000000,24000000,04/29/15,VIKING THERAPEUTICS INC,,,,,,,,,-0.23,-0.21,-0.22,-0.14,-0.08,-0.13,-0.11,-0.07, , , , , , , , , , , , , , , , , , , , , ,-91.3749,-107.9588,-127.6026,-156.6609,-127.9552,-205.8937,-138.8563,-43.5372,-27.7082,-14.9275,-16.0808, , , , , ,-113.3721,-137.7448, , , , ,-111.7733,-47.1619,-27.7741,-13.7423,-14.1786
26,NATIONAL STORAGE AFFILIATES TRUST,NSA,New York Stock Exchange,13.0,20000000,260000000,04/23/15,NATIONAL STORAGE AFFILIATES, ,0.2232,0.19,0.2,0.1,0.32,0,0.2196,0.01,0.05,0.03,-0.08,0.16,0.07,0.03,-0.16, , , , ,80.5205,79.5112,90.317,89.438,127.9697,842.0477,450.8845, , ,310.457,247.0934,1184.1575, , , , , ,3.9883,4.0538,3.8188,3.9292,3.8856,3.8094,3.6305,3.8316,3.9617,3.9798,4.0245, , , , , ,7.6351,4.1796, , , , , ,1.2871,1.4565,1.4058,0.5321
27,PARTY CITY HOLDCO INC.,PRTY,New York Stock Exchange,17.0,21875000,371875000,04/16/15,PARTY CITY HOLDCO INC,,,,,,,,,-0.04,0.21,0.08,1.59,-0.01,0.3,-0.03,1.03, , , ,16.1621,16.8596,13.8211,16.6754,14.0167,13.7914,15.008,12.8545,12.0698,13.149,11.6286,11.1373,6.8056,6.0711,6.4905,6.5174, ,6.3707,6.4351,6.1672,6.3384,6.1228,6.1914,6.1703,9.8929,9.982,10.3727,9.9121,7.2779,13.184,5.9759,0.457, ,2.6225,7.0693,13.438, , , , , ,21.9854,21.7476,20.3548,12.2538
28,"VIRTU FINANCIAL, INC.",VIRT,NASDAQ,19.0,16532272,314113168,04/16/15,VIRTU FINANCIAL INC-CLASS A,,,,,,,,,0.1,0.01,-0.17,0.1221,1.9267,0.25,0.08,0.7607, , , , ,25.2293,16.723,16.8089,17.8139,22.9223,29.6186,20.7361,26.3134, , , , , , , ,6.4558,4.6208,4.9102,5.4031,5.2055,3.6416,2.329,0.4085,0.3823,7.5657,8.6923,7.4657,9.2845, , , ,30.8532,18.3075,30.7851,24.8061, , ,18.4311,25.5271,12.9494,30.2331,33.6726,23.8536,30.7512
29,"KEMPHARM, INC",KMPH,NASDAQ,11.0,5090909,55999999,04/16/15,KEMPHARM INC,-2.5,-2.45,-0.68,-0.64,-0.2,0.6692,-0.92,-0.6783,-1.11,-0.44,-0.68,-0.72,-1.77,-0.65,-0.94,-0.2026, , , , , , , , , , , , , , , , , , , ,-1193.6791,-97.4843,-41.2413,-56.5887,-70.815,-50.8243,-55.082,-61.1889,-67.449,-120.9601,-162.7437,-280.8181,-217.3911, , , , , ,-638.1981, , , , , , , , , , 
30,ETSY INC,ETSY,NASDAQ,16.0,16666666,266666656,04/16/15,ETSY INC,-0.84,-0.07,-0.06,-0.04,0.01,-0.06,-0.02,-0.19,0,0.1,0.22,0.37,0.11,0.03,0.17,0.34, , , , , , , , , , ,87.9666,37.3345,43.1599,81.5283,115.1476,79.6097, , , ,-21.1212,-11.9885,-11.8484,-10.8473,-8.1578,-8.6234,-2.6045,3.9324,16.6617,16.0813,17.3025,16.8203,16.4395, , , ,-27.1956,-8.4793,-5.2345,-3.8217,-36.253,-29.3258,-27.2436,-22.25,-27.0412,28.0156,25.6196,21.8057,19.4264
31,XBIOTECH INC.,XBIT,NASDAQ,19.0,4000000,76000000,04/15/15,XBIOTECH INC,,,,,,,,,-0.32,-0.26,-0.18,-0.2044,-0.11,-0.16,-0.14,-0.1691, , , , , , , , , , , , , , , , , , , ,-46.2741,-52.9341,-45.1322,-52.064,-65.0928,-59.7736,-62.5297,-61.6093,-56.5998,-39.6606,-37.9986,-39.15,-41.4026, , , ,-46.2525,-52.9975,-44.9794,-51.966, , , , , ,-38.4425,-37.5848,-39.0512,-41.6266
32,"CIDARA THERAPEUTICS, INC.",CDTX,NASDAQ,16.0,4800000,76800000,04/15/15,CIDARA THERAPEUTICS INC,-5.92,-0.59,-0.67,-0.72,-0.71,-0.85,-0.88,-0.88,-0.8,-0.99,-0.73,-0.69,-0.8,-1.13,-0.49,-0.44, , , , , , , , , , , , , , , , , , , ,-51.6274,-46.5576,-39.655,-47.0471,-47.8898,-57.3726,-72.7217,-84.3269,-66.4994,-80.6509,-70.9698,-85.7338,-89.9722, , , , ,-59.1101,-39.4679,-46.7878,-0.2614,0.5108,1.6691,1.4926,-6.2259,-93.1052,-96.3292,-116.8931,-116.6609
33,"ADURO BIOTECH, INC.",ADRO,NASDAQ,17.0,7000000,119000000,04/15/15,ADURO BIOTECH INC,-39.97,-0.5,0.01,0.05,-0.45,0.04,-0.54,-0.44,-0.32,-0.27,-0.33,-0.34,-0.28,-0.31,-0.29,-0.33, , , , , , , , , , , , , , , , , , , ,-13.2388,-25.0522,-9.7457,-24.1529,-37.8973,-36.5394,-42.5864,-38.2201,-39.9166,-44.2478,-45.8076,-47.5022,-51.6217, , , , , ,-9.3969,-23.7174,40.8116,44.5644,50.055,57.754,62.0885,-42.9813,-44.4716,-45.9628,-51.1599
34,KORNIT DIGITAL LTD.,KRNT,NASDAQ,10.0,7100000,71000000,04/02/15,KORNIT DIGITAL LTD,-0.02,0.02,0.07,0.07,-0.01,0,0.01,0.0266,-0.05,0.01,0,-0.01,0.02,0.05,0.09,0.2, , , ,77.1429,66.3333,75.0769,134,475.5818, , , , ,645,296.6667,146,52, , , ,3.6874,7.6963,3.6941,2.0811,0.7048,-0.3691,-0.2761,2.6945,1.6031,2.4865,3.4288,2.5341,6.9265, , , ,7.9026,7.7705,3.9179,2.067, , , , ,-21.4278,0.1941,1.213,3.2362,7.5365
35,GODADDY INC.,GDDY,New York Stock Exchange,20.0,23000000,460000000,04/01/15,GODADDY INC - CLASS A,-0.34,-0.46,-0.04,0,-0.15,-0.11,0.06,-0.02,0.01,0.2,0.1951,0.72,0.02,0.12,0.08,0.25, , , ,128.3042,75.923, , , ,843.91,128.4598,140.8629,144.096,173.9677,215.7629,199.3083,110.7363, , , ,-3.4798,-2.2775,0.5709,1.298,1.4165,1.8935,1.7549,2.3072,4.0943,5.0073,4.3864,5.0444,4.404, , , ,-18.0818,-10.5056,-5.4822,-3.3414,-78.1289,-85.151,-66.9076,-74.2588,-89.1355,24.2567,26.824,23.3202,12.0544
36,BAOZUN INC.,BZUN,NASDAQ,10.0,11000000,110000000,05/21/15,BAOZUN INC-SPN ADR,-0.83,0,0.15,0.27,0.09,0.03,0.39,1.2,0.2,0.54,0.39,2.67,0.27,0.66,0.51,3.3, , , , ,112.5544,118.3893,152.2376,52.6806,61.1615,69.4362,101.0405,57.8281,80.0884,96.6145,85.3667,42.9412, , , ,1.2897,1.3983,1.0253,2.1268,5.1528,5.8809,7.4263,6.7317,10.7895,11.5529,10.7808,9.9695,11.8324, , , , , ,2.176,3.1347,6.5636,15.171,16.077,-88.9166,-102.3752,12.448,12.4344,12.5633,13.531
37,COMMUNITY HEALTHCARE TRUST INC,CHCT,New York Stock Exchange,19.0,6250000,118750000,05/21/15,COMMUNITY HEALTHCARE TRUST I,0.23,-0.42,-0.01,0.02,0.02,0.04,0.08,0.08,0.07,0.04,0.02,0.08,0.09,0.12,0.1,-0.12, , , , , ,302,137,104.6818,88.5185,94.7778,128.381,133.8095,111.913,96.3548,79.4359,63.5561, , , , ,-0.4705,0.9278,1.6765,2.0137,2.1896,2.3184,2.2585,2.3763,2.6682,3.1012,3.4239,3.4186, , , , ,-1.1378,0.414,1.1211,-4.2171,-0.3742,-0.2142,-0.0146,-0.0333,1.9032,2.7806,2.7644,1.5866
38,FORTRESS TRANSPORTATION & INFRASTRUCTURE INVESTORS LLC,FTAI,New York Stock Exchange,17.0,20000000,340000000,05/15/15,FORTRESS TRANSPORTATION & IN,0.1,-0.01,-0.16,-0.06,-0.08,-0.15,-0.02,-0.02,-0.06,-0.02,0.04,0.04,-0.01,0.01,0.05,0.01, , , , , , , , , , , , , , ,951.3842,432.0709, , , , ,-1.6763,-1.972,-1.7996,-1.5302,-1.4127,-0.7535,-0.5657,-0.6128,-0.2741,-0.2141,0.2236,1.0417, , , , ,-2.571,-2.882,-2.0226,-55.7068,-53.7155,-67.2174,-83.0688,-101.289,0.383,0.6199,0.7914,0.605
39,"ARCADIA BIOSCIENCES, INC.",RKDA,NASDAQ,8.0,8200000,65600000,05/15/15,ARCADIA BIOSCIENCES INC,-74.2,-3.8,-2.2,-1.8,-2.4,-2,-1.8,-2.5611,-2,-1.8,-2.2,-1.3834,-4.86,-2.02,0.93,-0.1347, , , , , , , , , , , , , , , , , , , , ,-50.969,-27.6778,-28.9423,-33.7417,-34.6326,-36.2562,-54.935,-53.4917,-72.4659,-71.5427,-147.2988,-172.2416, , , , , ,-45.9944,-49.8234,11.6196,11.345,9.5067,9.1256,8.7586,-232.2303,-216.4082,-133.9099,-129.4784
40,"JAGUAR HEALTH, INC.",JAGX,NASDAQ,7.0,2860000,20020000,05/13/15,JAGUAR HEALTH INC,-1.43,-1,-0.36,-0.6858,-0.43,-0.35,-0.3,-0.2846,-0.33,-0.12,0.09,-0.2259,-0.05,-0.7606,-0.51, , , , , , , , , , , , , , , , , , , , ,-269.4078,-366.8246,-164.3622,-157.3171,-237.3808,-366.8347,-608.2769,-19.0507,-177.3199,-141.9709,-210.8417,-106.3085, , , , , , ,-232.4039, , , , , , , , ,-198.8255, 
41,"COLLEGIUM PHARMACEUTICAL, INC",COLL,NASDAQ,12.0,5800000,69600000,05/07/15,COLLEGIUM PHARMACEUTICAL INC,0.34,-0.45,-0.46,-0.46,-0.68,-1.05,-1.13,-1.02,-0.79,-0.72,-0.45,-0.54,-0.57,-0.4,-0.5,0.27, , , , , , , , , , , , , , , , , , , , ,-45.8051,-54.9421,-84.3717,-81.5065,-82.7304,-97.1718,-96.0805,-61.5214,-60.3656,-55.838,-58.3047,-23.1551, , , , , ,-58.7443,-90.7068,-3.3907,-2.652,-2.9686,3.8657,5.0287,-68.6573,-70.0113,-78.5602,-39.9949
42,ATYR PHARMA INC,LIFE,NASDAQ,14.0,5360000,75040000,05/07/15,ATYR PHARMA INC,-9.39,-0.74,-0.48,-0.7,-0.68,-0.65,-0.58,-0.53,-0.56,-0.51,-0.43,-0.39,-0.36,-0.35,-0.24,-0.21, , , , , , , , , , , , , , , , , , , ,-70.687,-69.654,-50.2471,-58.4284,-60.124,-66.7157,-71.37,-59.5487,-60.7965,-66.1225,-71.2986,-53.444,-49.6438, , , , , ,-52.4917,-60.8252,8.8302,8.8951,8.8421,8.9525,7.334,-86.4413,-102.4366,-71.2986,-70.5172
43,"HTG MOLECULAR DIAGNOSTICS, INC",HTGM,NASDAQ,14.0,3570000,49980000,05/06/15,HTG MOLECULAR DIAGNOSTICS,-14.9902,-1.73,-0.76,-0.83,-1.02,-0.98,-0.92,-0.7569,-0.73,-0.6,-0.46,-0.1473,-0.22,-0.14,-0.17,-0.0745, , , , , , , , , , , , , , , , , , , ,-161.6738,-209.9753,-83.808,-113.3405,-147.2172,-184.2456,-176.4261,-316.0318,-305.6609,-95.4296,-79.1711,-90.2195,-88.9816, , , , , , , ,-158.4667,-233.9325,-407.6734,-244.7463,-244.986, , , , 
44,ADAPTIMMUNE THERAPEUTICS PLC,ADAP,NASDAQ,17.0,11250000,191250000,05/06/15,ADAPTIMMUNE THERAPEUTICS-ADR, , , , ,-0.04,-0.05,-0.04,-0.04,-0.05,-0.04,0,-0.05,-0.04,-0.08,0.01,-0.06, , , , , , , , , , , , , , , , , , , , , , , , ,-36.8585,-36.9081,-31.1692,-41.8671,-41.1849,-46.5013,-32.1592,-38.0353, , , , , , , ,41.2927,38.8396,39.5792,36.081,39.0103,-34.7528,-47.1691,-34.4237,-42.6142
45,OPGEN INC,OPGN,NASDAQ,6.0,2850000,17100000,05/05/15,OPGEN INC,,,,,,,,,-4.75,-3.75,-1.75,-1.3233,-0.75,-0.57,-0.53,-0.47, , , , , , , , , , , , , , , , , , , ,-371.3568,-767.635,-201.3415,-207.4869,-286.5239,-588.0837,-395.6495,-344.0139,-421.029,-211.6999,-302.0563,-222.9819,-332.5387, , , , , ,-230.3317,-255.808, , , , , ,-273.787, ,-323.5029,-567.6791
46,"BLACK STONE MINERALS, L.P.",BSM,New York Stock Exchange,19.0,22500000,427500000,05/01/15,BLACK STONE MINERALS LP,0.09,-0.6522,0.2662,-0.2685,0.0467,-0.1154,0.1897,-0.0451,0.3148,0.2768,0.1086,0.0844,0.1842,0.1165,0.2736,0.7757, , , ,75.5774,124.4051,55.6567,68.9268,57.9247,31.6716,22.5671,25.7547,24.2818,22.9232,25.2801,20.6205,13.8139, , , ,-9.7904,-10.8178,-1.3116,-2.6887,2.6758,7.6178,14.0418,12.8836,13.6564,11.663,9.7455,12.6442,20.5994, , , ,-14.9323,-15.9992,-1.6751,-3.4404,4.9724,10.2496,14.044,10.4029,8.53,17.3702,12.759,16.4726,32.854
47,"ALARM.COM HOLDINGS, INC.",ALRM,NASDAQ,14.0,7000000,98000000,06/26/15,ALARM.COM HOLDINGS INC, ,-6.09,0.06,0.07,0.06,0.04,0.06,0.06,0.09,0.21,0.32,0.01,0.22,0.23,-0.16,0.16, , , , , ,51.5445,52.5457,42.7763,42.5633,46.6031,46.5066,39.8891,36.9345,36.5462,53.5257,47.3704, , , ,9.848,8.5667,8.4196,5.7576,5.6889,4.9018,8.2981,13.0565,12.6967,12.3043,12.0374,4.5407,7.273, , , , , , ,5.9668,19.9214,19.313,14.8148,13.1491,12.9422,15.9536,15.3559,5.6249,8.4323
48,APPFOLIO INC,APPF,NASDAQ,12.0,6200000,74400000,06/26/15,APPFOLIO INC - A,-0.14,-0.36,-0.14,-0.12,-0.11,-0.07,-0.03,-0.04,0.02,0.08,0.11,0.08,0.13,0.22,0.16,0.08, , , , , , , , , ,1089.5721,296.8654,152.899,110.0123,122.1734,139.8991,105.5077, , , ,-36.2209,-34.8023,-19.2877,-15.2007,-11.8232,-6.0169,1.162,7.4003,11.9951,15.7548,19.7251,20.2492,16.9822, , , , , ,-20.804,-14.9278,13.9539,12.3272,7.0163,1.7209,-0.147,16.409,20.4981,21.0485,22.5711
49,GREEN PLAINS PARTNERS LP,GPP,NASDAQ,15.0,10000000,150000000,06/26/15,GREEN PLAINS PARTNERS LP, ,0.0173,0.34,0.37,0.3755,0.43,0.2189,0.5,0.46,0.4,0.45,0.5,0.41,0.42,0.44,0.5058, , , , ,11.9952,10.1369,13.5711,12.9273,12.4367,11.7893,11.1219,10.3315,9.8864,9.6151,8.4,7.9079, , , , ,54.0147,94.082,72.6993,77.6556,90.5914,92.4607,88.045,88.3531,87.2926,89.8429,91.0112,88.593, , , , ,105.7535,226.3279, ,-88.9995,-89.2944,-98.2827,-106.3819,-137.3903, , , , 
50,"SERES THERAPEUTICS, INC.",MCRB,NASDAQ,18.0,7430555,133749990,06/26/15,SERES THERAPEUTICS INC,,,,,,,,,-0.63,-0.69,-0.17,-0.7142,-0.69,-0.68,-0.54,-0.5207, , , , , , , , , , , , , , , , , , , ,-34.565,-45.1566,-61.8672,-46.034,-54.6693,-65.2549,-77.1697,-72.4361,-93.8186,-153.2521,-248.7503,-344.3944,-1579.7946, , , , , ,-62.4233,-45.6884, , , , , ,-151.1697, , , 
51,TRANSUNION,TRU,New York Stock Exchange,22.5,29545455,664772738,06/25/15,TRANSUNION,,,,,,,,,0.34,0.36,0.38,1.34,0.4,0.3,0.25,0.55, ,449.3969,167.9126,99.3145,63.9144,58.9519,50.6452,36.1805,36.7541,35.3066,35.3459,38.708,39.1463,48.2197,52.8753,41.2025,0.5297,-0.0957,-0.4899,0.042,0.1598,1.1118,4.2024,5.1,6.4214,7.7409,8.427,12.7391,12.7466,10.9107,10.6873,8.0566,-0.7569,-2.6193,-2.8751,0.6599,2.8064,3.5768,7.1333, , , , , ,28.2305,27.7299,25.243,15.283
52,MILACRON HOLDINGS CORP.,MCRN,New York Stock Exchange,20.0,14285714,285714280,06/25/15,MILACRON HOLDINGS CORP,-0.304,-0.51,-0.17,0.23,0.15,0.19,0.1,0.02,-0.36,0.15,0.18,0.05,0.09,0.21,0.21,0.08, , , , ,53.2157,21.3549,15.5136,18.559,21.9929,19.0478,16.1268,17.7159,15.9095,15.7589,17.7556,10.0456, , , , ,3.8519,5.4725,6.1119,4.817,0.8653,0.3363,0.5457,-0.2179,3.3192,4.0386,4.3176,4.8323, , , , ,-3.221,5.8984,9.8088, , ,-52.9991,-64.7168,-57.931,6.3575,7.307,7.5087,7.9236
53,"LANTHEUS HOLDINGS, INC.",LNTH,NASDAQ,6.0,10833334,65000004,06/25/15,LANTHEUS HOLDINGS INC,0.0071,-1.29,0.18,0.13,0.34,0.24,0.14,0.13,0.11,0.37,0.23,2.58,0.22,0.25,0.24,0.35, , , , , ,4.3069,10.1234,10.1509,16.014,19.835,18.4327,21.8557,15.8811,16.1482,15.645,14.1642,-18.0029,-24.8107,-21.3202,-16.1223,18.8894,30.1742,30.9993,31.3612,26.7833,27.1455,26.7496,57.9655,57.5689,53.0606,51.1035,16.4677, , , , , , , , ,-111.8941,-214.5925, , , , , ,85.9406
54,GLAUKOS CORP,GKOS,New York Stock Exchange,18.0,6000000,108000000,06/25/15,GLAUKOS CORP,-0.0387,-10.96,-0.06,-0.07,0.03,0.07,0.03,0.004,0.03,-0.1,0.04,0.03,-0.08,-0.15,-0.19,0.05, , , , , , ,754.8,275.9386,448.8071, , , , , , , , , , ,-33.3091,-29.4571,-1.0818,1.3948,3.7918,3.3963,-1.6168,-1.7185,30.0382,26.0273,24.6272,17.7285,-8.5817, , , , , ,-1.1184,2.0471,-65.7634,-94.458,-117.7983,-150.5214,-208.6964,-2.7679,-4.2103,-9.2884,-8.3003
55,CATABASIS PHARMACEUTICALS INC,CATB,NASDAQ,12.0,5000000,60000000,06/25/15,CATABASIS PHARMACEUTICALS IN, ,-80.7,-5.5,-6.3,-6.1,-6.1,-5.4,-4.7,-4.1,-3.2,-3.1,-2.3619,-2.9,-2,-0.8,-0.853, , , , , , , , , , , , , , , , , , , ,-89.8485,-95.8438,-62.0398,-64.709,-75.8726,-87.0481,-96.6098,-97.6127,-110.7912,-124.3814,-73.8386,-86.2845,-106.7433, , , , , ,-73.6121,-76.5272,0.9791, , , ,5.9879,-147.1561,-79.1099,-90.099,-110.7117
56,RITTER PHARMACEUTICALS INC,RTTR,NASDAQ,5.0,4000000,20000000,06/24/15,RITTER PHARMACEUTICALS INC,,,,,,,,,-1.4,-1.4,-1.4,-1.1038,-0.41,-0.71,-0.86,-1.5703, , , , , , , , , , , , , , , , , , , ,-108.1666,-162.6066,-99.4304,-128.5495,-196.1352,-231.3843,-265.3913,-431.5621,-65.1198,-78.3258,-110.2135,-215.1443,-114.9953, , , , , ,-98.6769,-127.7047, , , , , ,-140.5427,-189.0663,-375.2599,-238.0066
57,FITBIT INC,FIT,New York Stock Exchange,20.0,36575000,731500000,06/18/15,FITBIT INC - A,0.48,0.0892,0.22,0.3,0.05,0.03,0.12,-0.65,-0.27,-0.25,-0.48,-0.19,-0.34,-0.49,-0.01,0.06, , , ,34.4219,29.8651,21.8838,29.158, , , , , , , , , , , , ,32.1514,22.9529,14.0742,11.1107,-10.4961,-17.7113,-24.0919,-38.9832,-30.5674,-34.9608,-44.9494,-32.8369,-24.1944, , , ,34.9087,21.7439,14.7201,11.6783,-48.9563,-57.4583,-62.7474,-71.0846,-76.2336,-34.493,-44.6324,-32.3216,-23.8257
58,UNIVAR INC.,UNVR,New York Stock Exchange,22.0,35000000,770000000,06/18/15,UNIVAR INC,,,,,,,,,0.16,0.22,0.28,0.19,0.46,0.4,0.35,0.01, ,2424.7314, ,40.9387,56.2745,30.4528,32.885,31.9641,30.0518,28.5955,25.0907,26.1887,20.33,18.0132,19.9717,11.493,4.0529,3.3765,2.3006,4.3626,4.2422,4.9963,2.9286,2.867,3.0255,2.9601,5.8669,6.1341,6.8654,7.1387,6.9736,8.3332,0.9736,-4.4411,-10.2348,3.0992,2.0562,6.7655,-1.4103, ,-180.0801,-217.6574,-546.1332, ,15.9349,17.5905,17.2636,15.1021
59,WINGSTOP INC.,WING,NASDAQ,19.0,5800000,110200000,06/12/15,WINGSTOP INC,,,,,,,,,0.22,0.17,0.16,0.27,0.21,0.23,0.21,0.08, , , ,46.031,42.2689,49.9678,53.0659,50.8943,44.7705,47.0857,48.0163,48.1235,55.7138,57.4183,71.2835,77.7801, , , ,13.5106,17.9553,20.6294,21.8374,22.735,26.5388,27.0217,30.0669,36.8767,36.3868,39.2125,42.1106,37.6865, , , , , , , , , , , , , , , , 
60,PEOPLE'S UTAH BANCORP,PUB,NASDAQ,14.5,2500000,36250000,06/11/15,PEOPLE'S UTAH BANCORP,,,,,,,,,0.36,0.36,0.35,0.03,0.48,0.56,0.56,0.57, , , ,14.62,13.6802,14.2227,16.7194,20.6538,19.3066,18.9354,22.6337,20.1287,19.7035,19.4656,16.7994,14.0278, , , ,10.051,10.1834,9.4973,9.7657,10.166,10.5707,10.9536,10.9304,8.2841,8.7178,9.7697,12.0138,16.129, , , ,10.6869,10.5885,9.9389,10.1696, , , , , ,8.9667,10.2842,11.6357,14.8406
61,"EVOLENT HEALTH, INC.",EVH,New York Stock Exchange,17.0,11500000,195500000,06/05/15,EVOLENT HEALTH INC - A, ,25.69,-0.29,-0.1,-2.91,-0.2,-0.26,-0.33,-0.34,-0.28,-0.18,-0.18,-0.18,-0.13,-0.16,-0.21, , , , ,3.4868,50.6619,58.2402,45.5116, , , , , , , , , , , ,-8.3535,-53.0527,-24.6758,-24.8068,-23.0574,-8.3679,-9.1639,-8.1231,-6.1316,-5.402,-4.5232,-4.12, , , , , , ,-19.8093,-24.2294,-37.2139,-36.8212,-35.8892,-35.0718,-37.646,-6.2755,-5.1857,-4.7737, 
62,DAVIDSTEA INC.,DTEA,NASDAQ,19.0,5100000,96900000,06/05/15,DAVIDSTEA INC, , , ,0.6595,-7.73,-2.73,-0.04,0.61,0.06,-0.09,-0.2,0.08,-0.01,-0.22,-0.25,-0.62, , , , , , , , , ,34.7209,31.69,96.9593, , , , , , , , , , , ,-32.3956,0.4583,11.0701,7.5657,-3.2222,-4.6941,-7.5324,-8.8521,-25.197, , , , , , , ,-11.6088,-8.8307,-9.8921,-10.7982,-14.0308,-4.1804,-6.8365,-8.2103,-24.275
63,"AQUA METALS, INC.",AQMS,NASDAQ,5.0,6600000,33000000,07/31/15,AQUA METALS INC,-1.12,-0.68,-0.19,-0.1729,-0.15,-0.2,-0.23,-0.3,-0.26,-0.42,-0.31,-0.32,-0.27,-0.33,-0.24,-0.3388, , , , , , , , , , , , , , , , , , , ,-33.2705,-38.6726,-36.0923,-25.2746,-23.9925,-27.4427,-34.7928,-42.0141,-37.339,-40.5839,-38.8347,-46.3936,-56.7672, , , , , , ,-28.9335,12.6615,12.6087,12.9374,12.9755,13.3197,-50.1188,-47.8206,-58.9109,-73.8233
64,VTV THERAPEUTICS INC.,VTVT,NASDAQ,15.0,7812500,117187500,07/30/15,VTV THERAPEUTICS INC- CL A,,,,,,,,,-0.44,-0.41,-0.38,-0.44,-0.3,-0.31,-0.06,-0.1, , , , , , , , , , , , , , , , , , , ,-132.7868,-190.4866,-312.2441,-76.4837,-87.3873,-103.2421,-132.0387,-181.0833,-246.8539,-337.464,-757.4202,-872.4138, , , , , , , , , , , , , , , , , 
65,"NANTKWEST, INC.",NK,NASDAQ,25.0,8288000,207200000,07/28/15,NANTKWEST INC,-0.54,-1.99,-0.55,-0.94,-0.38,-0.41,-0.39,-0.2951,-0.3,-0.29,-0.3,-0.3087,-0.35,-0.35,-0.3,-0.219, , , , , , , , , , , , , , , , , , , ,-137.4884,-141.6087,-82.4262,-52.4609,-37.7803,-37.4837,-36.4891,-35.5993,-38.0942,-42.1169,-48.4488,-52.5095,-53.3942, , , ,-136.9543,-140.5548,-81.143,-51.4652, , , , , ,-41.5379,-47.7302,-51.7136,-52.7483
66,"NEOS THERAPEUTICS, INC.",NEOS,NASDAQ,15.0,4800000,72000000,07/23/15,NEOS THERAPEUTICS INC,-8.568,-7.76,-0.77, ,-0.79,-1.65,-1.61,-1.14,-0.88,-0.82,-0.58,-0.49,-0.5,-0.52,-0.43,-0.23, , , , , , , , , , , , , , , , , , , , , , , , ,-90.2386,-76.3373,-80.4088,-91.5764,-83.3455,-79.4138,-85.1896,-69.365, , , , , , , , , , , , , , , ,-656.816
67,"LIVE OAK BANCSHARES, INC.",LOB,NASDAQ,17.0,4800000,81600000,07/23/15,LIVE OAK BANCSHARES INC,0.28,0.14,0.09,0.17,0.14,0,0.1,0.16,0.18,0.28,0.34,1.8,0.31,0.36,0.36,0.26, , , ,25.0605,29.3953,37.1316,36.9744,53.8798,54.6958,36.1025,25.864,10.9181,12.0766,12.9462,11.0745,11.4909, , , ,13.0852,10.7792,10.214,9.6684,10.7934,10.5629,12.5424,13.0092,30.5875,31.1679,30.4896,26.7921,13.7763, , , ,14.1608,11.3219,8.6452,6.8626, , , , , ,31.6551,31.7714,26.7724,11.0582
68,"MASTERCRAFT BOAT HOLDINGS, INC.",MCFT,NASDAQ,15.0,6071429,91071435,07/17/15,MASTERCRAFT BOAT HOLDINGS IN, , , ,0.23,-0.08,0.1,0.26,0.26,0.38,0.22,0.12,0.34,0.38,0.43,0.62,0.71, , , , , , ,22.9005,18.6411,10.7498,12.3362,13.6659,13.3147,13.8141,12.8168,12.2953,13.0448, , , ,30.7569, ,14.2678,22.8387,29.4323,36.2239,36.4289,31.1196,46.7778,41.7855,29.2102,39.506,47.592, , , , , , , , , , , ,14.456, ,156.79,148.0826,123.3701
69,OOMA INC,OOMA,New York Stock Exchange,13.0,5000000,65000000,07/17/15,OOMA INC,,,,,,,,,-0.23,-0.19,-0.16,-0.16,-0.19,-0.2,-0.17,-0.15, , , , , , , , , , , , , , , , , , , , , , , ,-59.8752,-61.2417,-31.8156,-31.5975,-31.5844,-30.6819,-32.0696,-33.9726,-35.1716, , , , , , , , , , , , ,-30.1331,-31.3568,-33.1391,-34.1302
70,"RAPID7, INC.",RPD,NASDAQ,16.0,6450000,103200000,07/17/15,RAPID7 INC,,,,,,,,,-0.25,-0.27,-0.24,-0.3,-0.36,-0.31,-0.25,-0.27, , , , , , , , , , , , , , , , , , , ,-188.9558,-311.6079,-93.0289,-118.7815,-87.3625,-87.5047,-96.3211,-104.6948,-132.8,-91.3435,-102.399,-37.0004,-40.3468, , , , , ,-134.0683,-120.5386, , , , , ,-91.7632,-103.6421,-88.941,-99.6573
71,"OLLIE'S BARGAIN OUTLET HOLDINGS, INC.",OLLI,NASDAQ,16.0,8925000,142800000,07/16/15,OLLIE'S BARGAIN OUTLET HOLDI,,,,,,,,,0.2,0.22,0.17,0.4,0.31,0.32,0.31,1.13, , , , , ,31.558,25.068,31.9992,34.6485,31.7028,30.3737,30.0914,37.5155,42.0462,41.7711,41.1157, , , , , ,5.6895,5.7594,6.2207,6.9057,7.2462,7.4088,7.8597,8.8493,9.4936,10.2739,15.4971, , , , , ,6.4156,6.7218, , , , , ,10.6125,11.2945,12.1993,17.6269
72,JUPAI HOLDINGS LTD,JP,New York Stock Exchange,10.0,5300000,53000000,07/16/15,JUPAI HOLDINGS LTD-ADR,0.24,0.3091,0.2942,0.1977,0.13,0.0314,0.37,0.28,0.41,0.51,0.53,0.42,0.56,0.4,0.01, , , , ,10.2212,11.378,13.9791,12.097,11.3109,8.5861,5.2186,7.8494,10.3296,10.5544,10.3901,6.5529, , , , ,19.6042,11.3861,16.2157,13.6487,15.0832,19.0283,22.7836,23.2562,22.246,23.7982,21.0307,14.5395, , , , ,27.3075,12.7758,17.8424,14.6123, , , , , ,25.7483,23.3509,16.5096, 
73,"CHIASMA, INC",CHMA,NASDAQ,16.0,6365000,101840000,07/16/15,CHIASMA INC,-2.7719,-5.5147,-0.46,-0.61,-0.71,-1.1,-0.38,-0.32,-0.29,-0.28,-0.28,-0.25,-0.29,-0.36,-0.31,-0.32, , , , , , , , , , , , , , , , , , , ,-40.3322,-50.312,-84.496,-54.38,-52.9663,-48.6751,-35.9006,-36.1229,-36.3891,-39.9512,-47.9141,-54.8281,-66.4095, , , , , , ,-54.5465,0.0236,2.979,2.0205,1.0998,0.6343,-39.6342,-46.8811,-53.5052,-64.7239
74,HAILIANG EDUCATION GROUP INC.,HLG,NASDAQ,7.0,2858000,20006000,07/07/15,HAILIANG EDUCATION GROUP-ADR,-0.634,2.85, , ,-0.09,2.03, , , , , , , , , , , , , , , , , , , , , , , , , , , , , , , , , , , , , , , , , , , , , , , , , ,-104.1432,-129.8844,-167.3774, , , , , , 
75,"NATERA, INC.",NTRA,NASDAQ,18.0,10000000,180000000,07/02/15,NATERA INC,-1.89,-3.58,-0.39,-0.47,-0.17,-0.46,-0.5,-0.7233,-0.6346,-0.55,-0.52,-0.8751,-0.61,-0.62,-0.49,-0.5124, , , , , , , , , , , , , , , , , , , ,-39.1383,-41.5162,-49.7175,-37.1313,-49.9343,-69.3216,-80.3471,-73.5856,-88.4921,-108.1122,-129.6395,-79.7391,-76.4295, , , , , , ,-46.6648, , , , , , , ,-330.8858,-445.1414
76,CONFORMIS INC,CFMS,NASDAQ,15.0,9000000,135000000,07/01/15,CONFORMIS INC,-3.32,-2.51,-0.45,-0.37,-0.37,-0.34,-0.31,-0.37,-0.4,-0.28,-0.29,-0.27,-0.22,-0.24,-0.12,-0.16, , , , , , , , , , , , , , , , , , , ,-55.8794,-65.0097,-78.0573,-43.5055,-48.223,-52.4988,-53.9136,-60.133,-64.6801,-54.1304,-54.9568,-53.2165,-61.9695, , , , , , ,-43.7397,-4.4082,-26.4359,-34.7502,-42.4291,-38.8778,-69.1462,-85.7997,-90.3797,-104.8566
77,"TELADOC HEALTH, INC.",TDOC,New York Stock Exchange,19.0,8250000,156750000,07/01/15,TELADOC HEALTH INC,,,,,,,,,-0.3,-0.28,-0.55,-0.76,-0.39,-0.4,-0.34,-0.35, , , , , , , , , , , , , , , , , , , ,-39.313,-44.9203,-43.4077,-26.6475,-27.6694,-23.106,-21.4221,-15.1919,-16.4818,-15.8036,-12.3636,-8.5508,-6.9509, , , , , , ,-34.4782, , , , , ,-25.7162,-22.69,-15.8134,-12.3515
78,"UNIQUE FABRICATING, INC.",UFAB,American Stock Exchange,9.5,2350000,22325000,07/01/15,UNIQUE FABRICATING INC,,,,,,,,,0.21,0.17,0.07,0.21,0.15,0.18,0.06,-0.0202, , ,13.8277,17.1203,16.8304,20.1768,16.5587,19.1125,15.4144,11.425,12.6273,10.9871,12.9531,12.629,11.6514,8.3547, , ,10.7299,8.9203,9.7142,6.9398,7.7065,8.3907,8.5904,8.6192,7.1932,7.9505,7.3506,7.6296,7.7365,6.246, , ,16.9818,14.1558,15.5803,12.2773,12.1413, , , , , ,11.7035,11.8,11.8021,7.4142
79,"HOULIHAN LOKEY, INC.",HLI,New York Stock Exchange,21.0,10500000,220500000,08/13/15,HOULIHAN LOKEY INC, , , , ,0.26,0.16,0.38,0.38,0.32,0.34,0.56,0.55,0.63,0.54,0.98,0.61, , , , , , , ,20.6545,17.214,18.1805,20.4203,20.4575,17.61,17.5234,18.6356,18.0642, , , , , , , ,8.787,9.0724,12.2943,13.3331,14.4724,16.7529,18.3241,20.8337,19.9344, , , , , , , ,-148.9825,-159.2725, , , ,17.8308,19.0068,21.8114,21.8158
80,"CONIFER HOLDINGS, INC.",CNFR,NASDAQ,10.5,3100000,32550000,08/13/15,CONIFER HOLDINGS INC,0.0618,0.0088,0.21,-0.3,-0.27,-0.07,-0.19,-0.58,-0.24,-0.14,-2.46,0.03,0.02,-0.13,-0.42,-0.56, , , , , , , , , , , , , , , , , , , , , , ,31.425,40.52,49.5418,51.3226,37.24,27.7099,11.7911,-1.8222,0.8734,-3.1754, , , ,-0.7839,-4.4994,-6.0124,-8.1723,-4.4233,-0.9497,1.1451,0.7767,3.1395,-33.1042,-33.7142,-8.5426,-19.4275
81,"GLOBAL BLOOD THERAPEUTICS, INC.",GBT,NASDAQ,20.0,6000000,120000000,08/12/15,GLOBAL BLOOD THERAPEUTICS IN,-0.4217,-0.484,-0.9,-0.53,-0.56,-0.58,-0.58,-0.74,-0.6,-0.55,-0.66,-0.95,-0.87,-0.78,-0.83,-0.93, , , , , , , , , , , , , , , , , , , ,-47.9073,-64.7457,-49.792,-38.9776,-50.685,-41.905,-38.1989,-44.4767,-46.9076,-32.6899,-39.3632,-46.8607,-40.5891, , , , , , ,-38.828,-67.5059,-46.2763,-55.8039,-64.466,-70.7166,-32.1921,-38.4981,-45.5171,-39.0741
82,"AIMMUNE THERAPEUTICS, INC.",AIMT,NASDAQ,16.0,10000000,160000000,08/06/15,AIMMUNE THERAPEUTICS INC,-0.81,-1.6,-0.36,-0.39,-0.37,-0.43,-0.53,-0.55,-0.52,-0.65,-0.63,-0.8186,-0.92,-0.91,-0.89,-0.95, , , , , , , , , , , , , , , , , , , , ,-37.3627,-49.8858,-38.0415,-33.0261,-40.0858,-51.2432,-62.7021,-57.1948,-52.6952,-67.5534,-86.4303,-89.9526, , , , , , ,-37.8273,25.1233,20.5988,15.3391,0.1888,0.6021,-52.1901,-66.7176,-85.1638,-88.4116
83,"PLANET FITNESS, INC.",PLNT,New York Stock Exchange,16.0,13500000,216000000,08/06/15,PLANET FITNESS INC - CL A,,,,,,,,,0.14,0.16,0.18,-0.04,0.23,0.3,0.2,0.29, , , , , , , ,45.3254,40.0323,45.0531,44.6473,52.2187,49.7109,49.474,56.6055,46.9416, , , , , , , , ,41.6477,155.5458,217.8654,59.4488,120.993,1062.449,41.2831,53.682, , , , , , , , , ,-257.5402, , , , , , 
84,SUNRUN INC.,RUN,NASDAQ,14.0,17900000,250600000,08/05/15,SUNRUN INC,,,,,,,,,0.09,0.17,0.26,0.65,0.26,0.07,-0.03,-0.05, , , , , , ,11.5764,6.1034,6.506,10.3188,7.0253,5.1304,6.8168,10.9583,13.6703,47.3478, , , ,-19.904,-21.2651,-19.7585,-16.5554,-15.3001,-14.2192,-13.3603,-12.4277,-9.6958,-10.0207,-9.0666,-6.9193,-5.7182, , , ,-18.545,-7.7295,3.2988,9.2528, , , , , ,17.6463,15.8012,11.8321,2.9129
85,"ZYNERBA PHARMACEUTICALS, INC.",ZYNE,NASDAQ,14.0,3000000,42000000,08/05/15,ZYNERBA PHARMACEUTICALS INC,,,,,,,,,-0.6,-0.64,-0.63,-0.6,-0.91,-0.89,-0.47,-0.44, , , , , , , , , , , , , , , , , , , ,-52.1249,-71.0631,-110.392,-58.2907,-67.1149,-46.5576,-56.1747,-65.1639,-71.8807,-58.3464,-73.6614, , , , , , , , ,-58.2769, , , , , ,-57.8637,-73.2083, ,-67.3315
86,INTEC PHARMA LTD.,NTEC,NASDAQ,6.0,5025000,30150000,08/04/15,INTEC PHARMA LTD,-0.3521,-0.1574,-0.1613,-0.3829, ,-0.18, , , ,-0.47,-0.1123,-0.386,-0.41,-0.0951,-0.077,-0.3711, , , , , , , , , , , , , , , , ,-79.7669,-77.1107,-27.3297,-33.0886, , , , , , , , , , , , ,-79.4376,-75.446,-25.8115,-31.7745, , , ,-2182.5466,-3534.6045,-762.1925,-2988.9019, , , ,-138.2067,-51.5216
87,PENUMBRA INC,PEN,New York Stock Exchange,30.0,4000000,120000000,09/18/15,PENUMBRA INC,,,,,,,,,-0.1,-0.05,0.01,0.27,0.16,0.39,-0.55,0.19, , , ,484.0901,413.0228,247.052,135.4932,147.7293,319.711,725.1047, , ,1012.5729,445.3363,378.2213,287.0836, , , ,1.4707, ,4.2731,7.5462,5.7966,2.9688,1.4627,-2.1725,1.2752,3.2102,6.8699,1.0274,0.2191, , , , , , ,7.8115, , , , , ,3.3623,7.0643,2.2754,1.6048
88,REGENXBIO INC.,RGNX,NASDAQ,22.0,6300000,138600000,09/17/15,REGENXBIO INC,,,,,,,,,-0.82,-0.47,-0.67,-0.51,3.3,0.33,-0.56,0.12, , , , , , , , , , , , ,21.6314,33.3731,33.3277,14.5388, , , , , ,-27.669,-24.7342,-33.9335,-35.9392,-37.1792,-41.8439,-43.4697,19.4001,26.1654,20.0175,25.1775, , , , , ,-27.0549,-24.1457, , , , , ,20.7181,29.5433,23.1256,28.8887
89,MYOKARDIA INC,MYOK,NASDAQ,10.0,5437500,54375000,10/29/15,MYOKARDIA INC, , ,-10.2165,-0.48,-0.32,-0.37,-0.35,0.46,-0.47,-0.5,-0.5,-0.2834,-0.5,-0.49,-0.39,-0.3903, , , , , , , , , , , , , , , , , , , , , ,-49.2157,-61.768,-11.0989,-17.8608,-25.4756,-21.1755,-30.8962,-34.9721,-25.5178,-20.9227,-24.0837, , , , , , , , , , , , ,-34.0889,-24.6544,-19.8335,-22.5193
90,ADESTO TECHNOLOGIES CORP,IOTS,NASDAQ,5.0,5000000,25000000,10/27/15,ADESTO TECHNOLOGIES CORP, , ,-1.9,-0.32,-0.1,-0.29,-0.27,-0.11,-0.18,-0.11,-0.05,-0.01,-0.05,-0.24,-0.29,-0.23, , , , , , , , , , , , , , , , , , , ,-25.0704, ,-34.6569,-40.5904,-29.7117,-35.8493,-24.3319,-16.1529,-12.8788,-9.2033,-11.032,-17.7477,-28.5586, , , , , , , ,41.1364,38.1547,38.6466,27.7241,30.2019,-17.0134,-22.411,-29.2051,-44.8104
91,FERRARI N.V.,RACE,New York Stock Exchange,52.0,17175000,893100000,10/21/15,FERRARI NV,0.34,0.4,0.5,0.2844,0.41,0.52,0.59,0.5871,0.65,0.72,0.74,0.7179,0.78,0.85,1.52,1.0083, , , ,28.8134,23.0966,21.3582,25.1395,24.888,28.3335,28.8421,33.8312,31.122,33.408,37.706,38.1095,17.774, , , , ,11.1095, ,12.2797,19.1368,18.7002,20.8055,21.3509,24.0242,23.0886,24.2763,26.9429,27.8167, , , , ,23.5826, ,23.3425,-40.607,-53.459,-40.886,-54.8377,-35.3908,81.6693,81.3924,78.0455,73.7687
92,STRONGBRIDGE BIOPHARMA PLC,SBBP,NASDAQ,10.0,2500000,25000000,10/16/15,STRONGBRIDGE BIOPHARMA PLC,,,,,,,,,-0.83,-0.86,-0.98,-0.47,-0.66,-0.06,-0.44,1.73, , , , , , , , , , , , , , , , , , , , , , , , ,-82.0318,-130.7286,-227.9151,-161.9198, ,-145.9885, , , , , , , , , , , , , , , ,-914.2781, , 
93,FIRST DATA CORP,FDC,New York Stock Exchange,16.0,160000000,2560000000,10/15/15,FIRST DATA CORP- CLASS A, , , ,-1.6,-0.06,0.17,0.15,0.21,0.04,0.2,0.32,1.03,0.11,0.37,0.43,0.17, , , , , , ,54.3341,21.0647,20.1164,22.5122,20.9626,17.6096,17.2376,21.4773,22.1636,16.4047,-8.5874,3.6043,3.8074,1.7435,1.7896,2.3128,3.1686,6.8756,7.0965,7.2819,7.3503,9.8991,9.9787,10.5456,10.3846,7.7352, , , , , , , ,-45.1132,-40.5832,-11.6527,-7.8663,-6.7405,64.7208,64.6225,58.1871,27.4403
94,CPI CARD GROUP INC.,PMTS,NASDAQ,10.0,15000000,150000000,10/09/15,CPI CARD GROUP INC,-0.7712,-0.0717,0.9239,-0.2,0.5,-0.05,0.35,-0.35,-0.4,-1,-0.3,-1.31,-0.65,-1.5,-0.55,-0.66, , , ,427.3823,28.8123,15.982,32.3883,24.9466, , , , , , , , , , , ,18.1972,20.599,15.952,11.1626,8.1342,3.7502,2.4665,0.1871,-5.1165,-6.1954,-4.3282,-3.6001,1.3714, , , , , , , ,-6.2706,-3.6249,-1.1594,2.458,6.5179, , , , 
95,"CYTOMX THERAPEUTICS, INC.",CTMX,NASDAQ,12.0,6666667,80000004,10/08/15,CYTOMX THERAPEUTICS INC, , ,-14.2593,-0.39,-0.44,-0.39,-0.4,-0.3851,-0.23,-0.69,-0.28,0.0162,-0.4,-0.35,-0.53,-0.7142, , , , , , , , , , , , , , , , , , , , , ,-64.0601,-79.6077,-58.0163,-55.4348,-81.8607,-87.041,-60.4321,-85.5733,-90.3719,-54.4436,-84.6138, , , , , , , ,-10.1017,-16.8293,-20.7573,-21.0823,-17.8479,-81.5578,-82.609,-50.9501,-84.2757
96,"ALLEGIANCE BANCSHARES, INC.",ABTX,NASDAQ,21.0,2600000,54600000,10/08/15,ALLEGIANCE BANCSHARES INC, , ,0.41,0.34,0.49,0.41,0.42,0.45,0.46,0.41,0.23,0.24,0.58,0.57,0.66,0.6, , , , , ,16.3982,17.564,21.9458,21.7544,22.3977,24.3709,25.0557,24.1272,24.4549,18.9317,13.7161, , , , , , ,6.0362,6.2274,5.9224,5.1528,5.818,4.9709,5.253,4.831,5.2905,5.0282, , , , , , ,8.9249,17.5447,17.1825,15.1916,17.036,16.1542,6.42,6.9401,8.6707,7.389
97,"ACLARIS THERAPEUTICS, INC.",ACRS,NASDAQ,11.0,5000000,55000000,10/07/15,ACLARIS THERAPEUTICS INC, , ,-5.11,-0.28,-0.65,-0.62,-0.5,-0.49,-0.48,-0.56,-0.63,-0.74,-0.98,-1.01,-1.06,-0.99, , , , , , , , , , , , , , , , , , , , , ,-82.0706,-68.5746,-36.9421,-39.5009,-38.9186,-35.6921,-35.3987,-48.7111,-61.0776,-61.0829,-57.3472, , , , , , , ,44.4915,51.5091,44.8191,45.2168,67.0174,-47.784,-59.9234,-59.9718,-60.2826
98,"PURE STORAGE, INC.",PSTG,New York Stock Exchange,17.0,25000000,425000000,10/07/15,PURE STORAGE INC - CLASS A,,,,,,,,,-0.34,-0.31,-0.4,-0.21,-0.28,-0.28,-0.14,-0.07, , , , , , , , , , , , , , , , , , , ,-92.007, , , ,-52.3379, ,-66.0121,-46.0527,-46.9343,-47.3765,-49.8445,-40.7502,-31.509, , , , , , , , , , , , ,-47.3688,-49.4648,-40.1093,-30.3711
99,NOVOCURE LTD,NVCR,NASDAQ,22.0,7500000,165000000,10/02/15,NOVOCURE LTD, , ,-2.09,-0.393,-0.42,-0.48,-0.39,-0.2554,-0.21,-0.24,-0.13,-0.1224,-0.23,-0.17,-0.13,-0.1679, , , , , , , , , , , , , , , , , , , , , , ,-69.2201, ,-45.741,-40.9964,-28.0462, ,-23.3579,-20.8722,-20.7876,-21.9525, , , , , , ,-102.055, , , , , ,-54.7541,-51.1066,-50.8356,-56.291
100,PERFORMANCE FOOD GROUP CO,PFGC,New York Stock Exchange,19.0,14500000,275500000,10/01/15,PERFORMANCE FOOD GROUP CO,,,,,,,,,0.12,0.23,0.21,0.4,0.22,0.77,0.33,0.62, , , , , ,37.0579,32.0321,28.2532,26.7113,24.3895,22.377,24.1549,23.4934,26.3084,22.6549,26.5691, , , ,4.622, , , ,5.715,5.0548,4.7638,5.1098,5.4151,5.7102,7.7868,8.5289,9.3385, , , ,12.1885, , , , , , , , ,12.0565,17.3131,17.9908,19.2838
101,"SURGERY PARTNERS, INC.",SGRY,NASDAQ,19.0,14285000,271415000,10/01/15,SURGERY PARTNERS INC,,,,,,,,,-0.06,-0.09,-0.6594,-0.6659,-0.53,-0.57,-0.61,-3.25, , , , , ,22.2418,20.7373,33.49,42.3006,82.324,306.4941, , , , , , , , , , , ,15.5998,11.5302,10.6803,9.2623,6.008,4.0802,3.6144,3.1321,2.5671,0.4225, , , , , , , , ,-1.1397,-2.7625,-0.7673,-13.0206,-29.3404,-38.6133,-18.0206,-44.9572
102,DULUTH HOLDINGS INC.,DLTH,NASDAQ,12.0,6666667,80000004,11/20/15,DULUTH HOLDINGS INC - CL B, , ,0.13,0.58,0.11,0.24,0.06,0.59,0.1,0.11,0.01,0.44,0.01,0.13,-0.03,0.61, , , , , , , ,16.675,24.2729,29.1728,33.3555,35.3352,39.5493,33.7206,37.4815,28.6837, , , , , , , ,39.5043, ,34.3145,26.7002,19.4051,16.4948,15.8536,12.0526,16.3166, , , , , , , ,-17.0665,-19.7383,-18.8374,-16.7414,-14.0784,18.0678,17.9679,16.7238,18.8887
103,"AXSOME THERAPEUTICS, INC.",AXSM,NASDAQ,9.0,5666667,51000003,11/19/15,AXSOME THERAPEUTICS INC, , , ,-0.23,-0.31,-0.36,-0.38,-0.38,-0.41,-0.3,-0.27,-0.31,-0.19,-0.32,-0.31,-0.32, , , , , , , , , , , , , , , , , , , , , , ,-144.1743,-80.3306,-81.9471,-98.667,-103.0137,-132.1748,-114.7748,-158.6103,-167.3096,-266.896, , , , , , ,-144.8434,7.1944,6.8324,6.8289,3.3698,3.1914,-123.0283,-181.0977,-327.5993,-350.7812
104,MIMECAST LTD,MIME,NASDAQ,10.0,7750000,77500000,11/19/15,MIMECAST LTD, , , , , , ,-0.03,-0.04,0,0.01,-0.06,-0.05,-0.03,-0.02,-0.05,-0.1125, , , , , , , , , , , , , , , , , , , ,-23.219, , , ,-6.801, ,-15.9353,-11.193,-9.9133,-10.7629,-10.1037,-8.5613,-8.1018, , , , , , , , ,-166.2505,-72.0097,-91.7261,-122.3572,-9.1983,-10.8638,-9.5874,-13.4862
105,"MATCH GROUP, INC.",MTCH,NASDAQ,12.0,33333333,399999996,11/19/15,MATCH GROUP INC,0.01,0.0088,0.0131,0.221,0.03,0.14,0.22,0.29,0.08,0.2,1.08,-0.03,0.36,0.48,0.47,0.42, , , ,39.7394,29.1524,29.5722,25.7558,26.8813,24.262,27.3734,16.3339,21.1799,25.8422,18.7185,40.2698,28.1695, , , ,11.1071, , ,14.3555,14.3238,15.4959,16.2207,31.9215,24.8586,28.8781,31.2032,23.2061,32.9521, , , ,22.3263, , ,18.9225, , , ,-54.5391,-65.3972,78.4269,84.7477,60.9102,152.4252
106,"SQUARE, INC.",SQ,New York Stock Exchange,9.0,27000000,243000000,11/19/15,SQUARE INC - A,,,,,,,,,-0.04,-0.04,-0.04,-0.04,-0.06,-0.01,0.05,-0.07, , , , , , , , , , , , , , , , , , , ,-44.0271, ,-59.4436,-55.0157,-31.6801,-12.6006,-9.9309,-7.3107,-6.6271,-5.9653,-3.3711,-3.0039,-2.7486, , , , , , , , , , , , ,-9.974,-6.9065,-2.7937,-4.0332
107,INSTRUCTURE INC,INST,New York Stock Exchange,16.0,4400000,70400000,11/13/15,INSTRUCTURE INC, , , ,-0.74,-0.5,-0.53,-0.44,-0.2665,-0.4,-0.35,-0.39,-0.32,-0.37,-0.36,-0.33,-0.22, , , , , , , , , , , , , , , , , , , ,-175.5567, , ,-3927.063,-171.6196,-252.1318,-377.8461,-1147.3678,-234.301,-65.3563,-72.941,-79.9725,-57.4621, , , , , , , ,-1063.0287,-1253.8726,-1318.5865,-0.8488, ,-64.6851, , ,-55.946
108,"VOYAGER THERAPEUTICS, INC.",VYGR,NASDAQ,14.0,5000000,70000000,11/11/15,VOYAGER THERAPEUTICS INC,,,,,,,,,-0.65,-0.73,-0.89,-0.4035,-0.63,-0.8,-0.63,-0.6968, , , , , , , , , , , , , , , , , , , , , ,-21.7021,-27.0829,-26.8469,-35.3768,-45.9553,-62.8426,-52.9392,-67.9644,-87.4817,-105.4756,-100.1272, , , , , , , , , , , ,-0.6639,-66.9496,-86.1259,-102.9006,-97.8277
109,WAVE LIFE SCIENCES LTD.,WVE,NASDAQ,16.0,6375000,102000000,11/11/15,WAVE LIFE SCIENCES LTD,,,,,,,,,-0.9,-0.92,-0.92,-1.0842,-1.26,-1.23,-1.28,-1.285, , , , , , , , , , , , , , , , , , , , , ,-34.527,-39.0269,-36.7601,-49.4147,-44.3857,-54.3284,-70.6197,-96.1869,-74.5714,-97.3787,-137.0529, , , , , ,-34.3504,-38.9124, , , , ,-1.1805,-101.8236,-75.4838,-96.4482,-128.1428
110,EQUITY BANCSHARES INC,EQBK,NASDAQ,22.5,1940000,43650000,11/11/15,EQUITY BANCSHARES INC - CL A, , ,0.43,0.35,0.42,0.35,0.32,0.04,0.41,0.52,0.42,0.32,0.6,0.45,0.65,0.63, , , , , ,13.6903,17.0867,23.1819,21.375,18.4467,19.9225,17.8676,18.3844,17.9104,15.5194,13.3434, , , , , , ,3.7807,2.4847,3.0673,3.6331,4.4164,3.4947,3.989,3.391,4.1279,4.5823, , , , , , ,8.4612,-35.1243,-23.2481,-9.1695,-6.8217,1.5102,7.4152,6.9533,8.2098,8.6421
111,"KURA ONCOLOGY, INC.",KURA,NASDAQ,8.0,6250000,50000000,11/05/15,KURA ONCOLOGY INC,-1.41,-0.54,-0.57,-0.42,-0.36,-0.36,-0.37,-0.38,-0.39,-0.4,-0.38,-0.37,-0.46,-0.45,-0.4,-0.42, , , , , , , , , , , , , , , , , , , ,-57.7125,-41.1528,-44.1972,-50.3238,-38.3923,-43.0996,-46.6728,-38.7233,-47.4348,-45.5332,-59.1979,-40.9642,-48.833, , , , ,-39.6527,-45.6067,-52.6111, ,-37.3704,-48.0992,-43.2714, ,-48.5658,-63.3503,-41.7716,-50.1947
112,FULING GLOBAL INC.,FORK,NASDAQ,5.0,4000000,20000000,11/04/15,FULING GLOBAL INC, , ,0.23, ,0.05,0.3,0.13,0.0286,0.09,0.1,0.13,0.0873, , , , , , , , , , , ,4.9499,5.7333,9.2336,17.0129,9.7694, , , , , , , , , , , , ,9.9795,7.4477,7.0551,8.2407, , , , , , , , , , , ,-58.5016,-72.0526,-100.3519,-172.5389,-72.6866, , , , 
113,"CHINA CUSTOMER RELATIONS CENTERS, INC.",CCRC,NASDAQ,4.0,2400000,9600000,12/21/15,CHINA CUSTOMER RELATIONS CEN, , , , , , , , , , , , , , , , , , , , , , , , , , , , , , , , , , , , , , , , , , , , , , , , , , , , , , , ,0.0157,3.2374,4.3508,2.4279,-4.2158, , , , 
114,YIRENDAI LTD.,YRD,New York Stock Exchange,10.0,7500000,75000000,12/18/15,YIRENDAI LTD - ADR,,,,,,,,,5.8698,4.4998,4.9976,7.3988,4.596,3.371,2.4644,2.6921, , , , , , ,10.9547,7.5407,7.7575,7.6036,12.9715,12.7601,12.0069,7.0362,7.2229,5.732, , , ,40.0737, , ,73.955,58.2437,71.3535,61.1064,58.5428,41.6128,30.6893,29.5303,25.5991,17.6407, , , ,46.9153, , ,76.0255, , , , , ,35.4514,33.6897,29.8216,23.8934
115,ATLASSIAN CORP PLC,TEAM,NASDAQ,21.0,22000000,462000000,12/10/15,ATLASSIAN CORP PLC-CLASS A, ,0.03, ,-0.01,0.03,0.03,-0.01,-0.02,-0.01,-0.01,-0.08,-0.09,-0.05,-0.28,-0.06,-0.11, , , , , , ,616.2856,902.3447, , , , , , , , , , , ,8.114, , , ,1.0513,-1.326,-2.0461,-4.3644,-6.5637,-7.4778,-15.858,-14.727,-8.8024, , , ,4.2964, , , ,9.2977,13.0633,16.6266,17.7731,28.5363,-6.0038,-13.8762,-12.8633,-12.9698
